RelativePath,OriginalSHA256,PackagedSHA256,ChangeClass
+jag/absolute_path.m,,aae60739aa5f34c33665e30ee2565d5592a4d8ef0cc16e7a0863f9a210ce40c6,integration
+jag/audit.m,,bdccacedf5153700ab21758c71a4a22271e9c22253a63c20a522474b0bfd4bb4,integration
+jag/gsvs_options.m,,e8a394292cf72ef409e303731e10a378943116de9768993d77635f878e23c739,integration
+jag/new_run.m,,adeac02713e208eb55f034d0d0b45f6ade9825119614f4a546efb23388d3e440,integration
+jag/restore_environment.m,,5fbea409e0f4b61e46457471386030b142f8c2183c14d26cebab12fb3db15827,integration
+jag/run_gsvs17.m,,fcaeaa07480e4d146a34249f0e8467b14904d24647e2f87d0e328c9df2c4661f,integration
+jag/run_public.m,,ef8c8e633c4431d340c5d6055970c1270bcc47fdbeb26560fe7c774c41aa5ad3,integration
+jag/selftest.m,,7e125679703f4f878f50fbfc0797ab99d9221c7971026d566e3dc3d5bd6e0cd7,integration
+jag/sha256.m,,60e38fecaeea2e544bed3c96161c04ece44f9429c1c6a579a6e1387401e04c16,integration
+jag/validate_config.m,,ff4808fee5b13b1be4f29205a550d1124df9e260aaecd1fb2027b0d2e47add51,integration
+jag/verify_sources.m,,51b47e1e5fc17c03ab1026d1a420520cdc84cd3e27aed90b9042eb2328beee8e,integration
+jag/write_json.m,,e8a308b1887389f09a0d16bd0de26da27163587d1059cf80f3e15c5c53d6a4bc,integration
JAG_CONFIG.m,,8fdcb04f83f0e7e5ecf466e0be829b555c2364f7321d111d18de55809604a096,integration
RUN_JAG.m,,f615e83a899e0dce8d4faf2a6303bcf0cdc5712fc4899489ffef1e381b4bd4d5,integration
modules/gsvs17/apply_font_size.m,5939b747f67494a0ffc898379b7403876740db3a55a6fbb58a15b1bc4d22f59a,5939b747f67494a0ffc898379b7403876740db3a55a6fbb58a15b1bc4d22f59a,unchanged
modules/gsvs17/build_fb_pairs.m,08aed3ee26c908f9c9e41ed6454474a33507aaafc81ff5df4c1971271ee705d8,08aed3ee26c908f9c9e41ed6454474a33507aaafc81ff5df4c1971271ee705d8,unchanged
modules/gsvs17/fit_variance_ml.m,9dd6d45c5e973095a2d371b9f5e64af4ede4d6e82265d46f4fde0aab826c8576,9dd6d45c5e973095a2d371b9f5e64af4ede4d6e82265d46f4fde0aab826c8576,unchanged
modules/gsvs17/gsvs17_addendum.m,879a8ab8b4bbca5afa546bf093d854390ed882ec6bc873c01f768dbf3e11fe3a,34f35d0c91c0f2ccc219b67c97d5bc36accff3e5dc61c47b206db03daa5bb701,adapter_or_fix
modules/gsvs17/gsvs17_min_validation.m,eb46e8f3292b690a99ffc9094a08cfd755e3c50a9ba8223223842f9e0370f742,26eaffa3804c62ce4a5cfd06f67be4f41a3964b54b5e8e1ba84af0e27a54cdf4,adapter_or_fix
modules/gsvs17/parse_gsvs17_lvl.m,010588e4fe19c0e8bd7bd5ec986bc09fb74e063af8fe009b6c99eaabacf4a14c,010588e4fe19c0e8bd7bd5ec986bc09fb74e063af8fe009b6c99eaabacf4a14c,unchanged
modules/gsvs17/statlib_local.m,4755dc3033f1580e5356fdf3afed04e3dfc3b2b9987998697d7758c80091acfe,4755dc3033f1580e5356fdf3afed04e3dfc3b2b9987998697d7758c80091acfe,unchanged
modules/public_validation/RUN_OFFLINE_SELFTEST.m,e7589f7d74f1d4cd55a1b84b84c0635d3dd0db2f62c22ada38d27562886b1268,e7589f7d74f1d4cd55a1b84b84c0635d3dd0db2f62c22ada38d27562886b1268,unchanged
modules/public_validation/RUN_OPEN_NGS_PROJECT_PAGES.m,62a27c504aa0678630a427cba864229de216d283aff1994f66b60c40a368de0f,62a27c504aa0678630a427cba864229de216d283aff1994f66b60c40a368de0f,unchanged
modules/public_validation/RUN_PACKAGE_AUDIT.m,5afbf6155e77ed830e37f0c81796475293d08506fa42b2f9ac254569d9c33be7,5afbf6155e77ed830e37f0c81796475293d08506fa42b2f9ac254569d9c33be7,unchanged
modules/public_validation/RUN_PUBLIC_FULL.m,ed9756b20f3e3c0f189742cf92a4c4c7adb2046594bffebe50e437afc9ae3e36,ed9756b20f3e3c0f189742cf92a4c4c7adb2046594bffebe50e437afc9ae3e36,unchanged
modules/public_validation/RUN_PUBLIC_QUICK.m,e8e477c82f630d597ccfe646a7b932a03d34e4c9b0af8053070db9cad41525d1,e8e477c82f630d597ccfe646a7b932a03d34e4c9b0af8053070db9cad41525d1,unchanged
modules/public_validation/matlab/build_network.m,5502dda9de142cb1d425728c29e1812a57257bf82e27b4313a2dc968d4ddaca5,5502dda9de142cb1d425728c29e1812a57257bf82e27b4313a2dc968d4ddaca5,unchanged
modules/public_validation/matlab/calibrate_public_covariance.m,7d4117981eb1cb95eb5649722eaa6c50936c275bc565d3109fb45de46a57d203,7d4117981eb1cb95eb5649722eaa6c50936c275bc565d3109fb45de46a57d203,unchanged
modules/public_validation/matlab/canonicalize_station_pairs.m,34e06dd567c01466b156e3530b66a53bd5eb8c0c02570e98da11d47876f150ad,34e06dd567c01466b156e3530b66a53bd5eb8c0c02570e98da11d47876f150ad,unchanged
modules/public_validation/matlab/clean_and_collapse_observations.m,f07c1ca168af9df25cbfee463524b1d8666553b7be8ee00e70e02f13b2ce4e00,f07c1ca168af9df25cbfee463524b1d8666553b7be8ee00e70e02f13b2ce4e00,unchanged
modules/public_validation/matlab/compute_path_statistics.m,df1686f26499b6287f8c5856443c5cc842e1eca93114321e24bb7b88ea49a321,df1686f26499b6287f8c5856443c5cc842e1eca93114321e24bb7b88ea49a321,unchanged
modules/public_validation/matlab/convert_height_to_m.m,c6f28f478a76df9e7875eeeba23344ac84caf31c36ff0b0695adf218c023f03b,c6f28f478a76df9e7875eeeba23344ac84caf31c36ff0b0695adf218c023f03b,unchanged
modules/public_validation/matlab/convert_length_to_km.m,824c0c4433cf732567a6d81cb03e3416f0a9a8da808a0aa5003d3b7ddb058653,824c0c4433cf732567a6d81cb03e3416f0a9a8da808a0aa5003d3b7ddb058653,unchanged
modules/public_validation/matlab/evaluate_public_methods.m,1ecf1277a871ab0ce663ec307b860924bd537cf75dbe27d18c62fd5cd1b34391,1ecf1277a871ab0ce663ec307b860924bd537cf75dbe27d18c62fd5cd1b34391,unchanged
modules/public_validation/matlab/figure_readability_audit.m,e6d62c53d09c0552288ece85483c07ea4821da09670d98e52522e2bd1ba9e4db,e6d62c53d09c0552288ece85483c07ea4821da09670d98e52522e2bd1ba9e4db,unchanged
modules/public_validation/matlab/find_disjoint_paths.m,618fe1a40c4c9910d55b819fed0f374fc62e1a99e1de39152b29954dbbbb3afe,618fe1a40c4c9910d55b819fed0f374fc62e1a99e1de39152b29954dbbbb3afe,unchanged
modules/public_validation/matlab/find_public_validation_cases.m,e71a60f5e37a1989b9dd9881b0f16275081be5c475322dc914157548b60c3429,e71a60f5e37a1989b9dd9881b0f16275081be5c475322dc914157548b60c3429,unchanged
modules/public_validation/matlab/generate_public_figures.m,ebb29decf8bab9031f3f0abcd8f993e8dd4dd20a969e9ba095215c9a2c166c83,ebb29decf8bab9031f3f0abcd8f993e8dd4dd20a969e9ba095215c9a2c166c83,unchanged
modules/public_validation/matlab/get_alias_value.m,357ce46a3933e8a3fde7dc90c2021d0dc6c0269506d530a6dfc30c7fb6f6b8fa,357ce46a3933e8a3fde7dc90c2021d0dc6c0269506d530a6dfc30c7fb6f6b8fa,unchanged
modules/public_validation/matlab/hash_file_sha256.m,fac32a6d980330d73c91e56d181c68b16e785fccd942c9e297a3edac06a79841,fac32a6d980330d73c91e56d181c68b16e785fccd942c9e297a3edac06a79841,unchanged
modules/public_validation/matlab/infer_project_id.m,c71c22046eb07b5ca7a9e3ae34978aae35fc3874aec901e6e2ac988cccd57930,c71c22046eb07b5ca7a9e3ae34978aae35fc3874aec901e6e2ac988cccd57930,unchanged
modules/public_validation/matlab/log_message.m,9f45e428fef9af4b5808edf43c44761c1928118498135f929348579de97e6f36,9f45e428fef9af4b5808edf43c44761c1928118498135f929348579de97e6f36,unchanged
modules/public_validation/matlab/make_json_compatible.m,bdc36024a70d5a4b24592939376e2dad815aaec482053b518d78814ce46cdadc,bdc36024a70d5a4b24592939376e2dad815aaec482053b518d78814ce46cdadc,unchanged
modules/public_validation/matlab/method_coefficients_public.m,13faa1944b27cdae82ce9b23eb785d9285814348c787259f4c70e16a1f8faab1,13faa1944b27cdae82ce9b23eb785d9285814348c787259f4c70e16a1f8faab1,unchanged
modules/public_validation/matlab/minimax_route_weights.m,da8dcebbf480565e589b796b258c421eb89927f9f4e21671821159c6eec27c85,da8dcebbf480565e589b796b258c421eb89927f9f4e21671821159c6eec27c85,unchanged
modules/public_validation/matlab/normalize_field_name.m,dcc6e31a048ae32256e845f00a47ff4c35b4ab9f1de896fc1a63a7f6bde53d76,ecca38b147e3b10a9fd7300eeefc657bae78e75d0003b9a8a7e9814dcc473c5b,adapter_or_fix
modules/public_validation/matlab/open_ngs_project_pages.m,2bb83184a2b0c584ffa8d4e269075b8cbb574dea5ffb2a0b820afc555497af54,2bb83184a2b0c584ffa8d4e269075b8cbb574dea5ffb2a0b820afc555497af54,unchanged
modules/public_validation/matlab/package_integrity_audit.m,61d736323fd474d262321a6ba86074ab095d4ec0e5540d4bb99ccf9fe6bb6fca,61d736323fd474d262321a6ba86074ab095d4ec0e5540d4bb99ccf9fe6bb6fca,unchanged
modules/public_validation/matlab/paired_method_bootstrap.m,0044350f22917c9464e3e44c494aa336f9455776e9642b1aef2b739ff14e4e12,0044350f22917c9464e3e44c494aa336f9455776e9642b1aef2b739ff14e4e12,unchanged
modules/public_validation/matlab/parse_leveling_files.m,3ce92004155efa1a957aa87be6260a633d8d25446e305ae3d00267cd4f947402,3ce92004155efa1a957aa87be6260a633d8d25446e305ae3d00267cd4f947402,unchanged
modules/public_validation/matlab/parse_ngs_benchmark_geojson.m,a8075be4ef8bbd97570bb1641bf64ce28a03dede37a116117718747a4ce50bd9,a8075be4ef8bbd97570bb1641bf64ce28a03dede37a116117718747a4ce50bd9,unchanged
modules/public_validation/matlab/parse_ngs_observation_geojson.m,ff01b9f1214e303e754a20be90ba68abdaf182d2d696944d43cf43e0d5b46cf0,ff01b9f1214e303e754a20be90ba68abdaf182d2d696944d43cf43e0d5b46cf0,unchanged
modules/public_validation/matlab/parse_tabular_observations.m,b3ea344c756a662d570f29b2835c442959cb046d8bd87e6cd0e87d185616a786,b3ea344c756a662d570f29b2835c442959cb046d8bd87e6cd0e87d185616a786,unchanged
modules/public_validation/matlab/public_scale_sensitivity.m,16b83fb1d7d82aca39e47c7c3671446c73c358f62fe96831de61d47fa603be31,16b83fb1d7d82aca39e47c7c3671446c73c358f62fe96831de61d47fa603be31,unchanged
modules/public_validation/matlab/public_validation_config.m,4312e34b3492d331dd619d0f74ec7e460f911e66c562a66698545558170d1033,4312e34b3492d331dd619d0f74ec7e460f911e66c562a66698545558170d1033,unchanged
modules/public_validation/matlab/public_validation_unit_tests.m,896a5ea697fd8f6765a6a97088353e1fc692df5ffede7014c725497c846e19a4,ccf152dd1e9ddd2ac27a582b255927e3e13e03223d44fb76ebf252ce17dcddad,adapter_or_fix
modules/public_validation/matlab/read_primary_function_name.m,21931731e8fa5583055be3612b4b99b47b0b6dbee91f34c36567c49ea87ec57b,21931731e8fa5583055be3612b4b99b47b0b6dbee91f34c36567c49ea87ec57b,unchanged
modules/public_validation/matlab/required_package_files.m,3a8b1dc993ace6558c15622adce4da6b61af39ae5f2dec4767c9180e90cf83af,3a8b1dc993ace6558c15622adce4da6b61af39ae5f2dec4767c9180e90cf83af,unchanged
modules/public_validation/matlab/resolve_input_files.m,12fa68a8055260351bea743f9388b88a621d3ca0f84bb36edf6cf08d0f9010fe,12fa68a8055260351bea743f9388b88a621d3ca0f84bb36edf6cf08d0f9010fe,unchanged
modules/public_validation/matlab/robust_nnls2.m,f6999ddf32772d342cec6e78b0ab840c948cd544ce6ee1f85b1fb233f04500c3,f6999ddf32772d342cec6e78b0ab840c948cd544ce6ee1f85b1fb233f04500c3,unchanged
modules/public_validation/matlab/run_public_validation.m,bbd90fe4ebafe163ea5e757e7887f17bbe321dd7da4dd63c89aea49e1b9965d6,c2ca14d299bee7c31c2932861f494a3c8f0a5d8f4b07aa6711142a209f995a93,adapter_or_fix
modules/public_validation/matlab/safe_mkdir.m,9ac1bed1c6c9e19b8e184f8e73ca48e74d365ee219432330572c7b77ef1fb0dc,9ac1bed1c6c9e19b8e184f8e73ca48e74d365ee219432330572c7b77ef1fb0dc,unchanged
modules/public_validation/matlab/save_figure_bundle.m,3264bc7323a59566baedaeffa7380fbb2b7a92293b4519eb74963de970d64666,3264bc7323a59566baedaeffa7380fbb2b7a92293b4519eb74963de970d64666,unchanged
modules/public_validation/matlab/simple_percentile.m,14486cea05d3bcf9514faa3b2bb3d5791d010a1c504c458a2e9ac4b3ccc5cdf4,14486cea05d3bcf9514faa3b2bb3d5791d010a1c504c458a2e9ac4b3ccc5cdf4,unchanged
modules/public_validation/matlab/split_public_cases.m,7295890e6b1f1afccadc3f4bacc59756abe2845b192decc8085f882ab1973890,7295890e6b1f1afccadc3f4bacc59756abe2845b192decc8085f882ab1973890,unchanged
modules/public_validation/matlab/summarize_method_table.m,52001ac7d97fcbfafd57ae59e070897119a0d215708457e66831f3aed1f3cbb1,52001ac7d97fcbfafd57ae59e070897119a0d215708457e66831f3aed1f3cbb1,unchanged
modules/public_validation/matlab/timestamp_string.m,87174ac9e4d5f3efed02268601dc597c6e3a471e90f85da8bd9b7d6a1890c65a,87174ac9e4d5f3efed02268601dc597c6e3a471e90f85da8bd9b7d6a1890c65a,unchanged
modules/public_validation/matlab/value_to_double.m,b23bcef591b05b3b79e996e2dd659634f177736e4f846dac0e068520c6625752,b23bcef591b05b3b79e996e2dd659634f177736e4f846dac0e068520c6625752,unchanged
modules/public_validation/matlab/value_to_string.m,f9cd22b01700551c56cea8835931a9b1f8fae058d773aa92b081e7e712a650ea,f9cd22b01700551c56cea8835931a9b1f8fae058d773aa92b081e7e712a650ea,unchanged
modules/public_validation/matlab/write_json_file.m,19f4ab71974dd35700c74de2dbc10b66cc343b1b6a7742c81cd53e1639317d22,19f4ab71974dd35700c74de2dbc10b66cc343b1b6a7742c81cd53e1639317d22,unchanged
modules/public_validation/matlab/write_text_file.m,37feca20974b8f1cbc4311ac92136a486c9db66e947cb373569e3098e5ed5d1d,37feca20974b8f1cbc4311ac92136a486c9db66e947cb373569e3098e5ed5d1d,unchanged
tests/integration_tests.m,,d72f84b34eddd20fc5b42f8f4cf750d11558bd85074976734dbad89d5e4d80e7,integration
data/raw/gsvs17/170529Ajdh.lvl,f7eb8e4a8a93612dc07b80d6098ecc759c7f62abfdb68107f418a200dfdc3208,f7eb8e4a8a93612dc07b80d6098ecc759c7f62abfdb68107f418a200dfdc3208,existing_verified_raw_data
data/raw/gsvs17/170529Atah.lvl,727911cea9ae42899b7768df72ec3053465ed39925a81f0994aa6064bb7f8c76,727911cea9ae42899b7768df72ec3053465ed39925a81f0994aa6064bb7f8c76,existing_verified_raw_data
data/raw/gsvs17/170530Bjdh.lvl,5b6c294cd732b3ee382bcc7ce6913292e795c0643e4fe8d4b7f6ba5a1ead0f5d,5b6c294cd732b3ee382bcc7ce6913292e795c0643e4fe8d4b7f6ba5a1ead0f5d,existing_verified_raw_data
data/raw/gsvs17/170530Bseb.lvl,f49694a1c563cfbeb65d7e5f8d4e90ceeaa9935e84f35e9e7199c4b9ebcb08c8,f49694a1c563cfbeb65d7e5f8d4e90ceeaa9935e84f35e9e7199c4b9ebcb08c8,existing_verified_raw_data
data/raw/gsvs17/170531Aseb.lvl,b9eb820d21063a6176dc5fd22788946c9bece21ccee0c80d30232ac2f8b58869,b9eb820d21063a6176dc5fd22788946c9bece21ccee0c80d30232ac2f8b58869,existing_verified_raw_data
data/raw/gsvs17/170601Ajdh.lvl,1c4c66d7d9af1cfb4ca9b2f8a0a33cbe2abe99ce1716f5860e78b661f3658ab2,1c4c66d7d9af1cfb4ca9b2f8a0a33cbe2abe99ce1716f5860e78b661f3658ab2,existing_verified_raw_data
data/raw/gsvs17/170601Atah.lvl,8ebbc0f8326c9e0318a24fd01dafbfde1e730c0a0e439677fe4ada684eb58c98,8ebbc0f8326c9e0318a24fd01dafbfde1e730c0a0e439677fe4ada684eb58c98,existing_verified_raw_data
data/raw/gsvs17/170602Atah.lvl,ae0021d41310740ebf759ac9a0db4f0c0a4ff6764b1c64f355bcbc4c7a3a20db,ae0021d41310740ebf759ac9a0db4f0c0a4ff6764b1c64f355bcbc4c7a3a20db,existing_verified_raw_data
data/raw/gsvs17/170603Ajdh.lvl,d8888a7eb1bda4bedaa28e71ffc76e6d437011f0583b8281acfab725c2f12b75,d8888a7eb1bda4bedaa28e71ffc76e6d437011f0583b8281acfab725c2f12b75,existing_verified_raw_data
data/raw/gsvs17/170603Zseb.lvl,9ff3684808b193dc6ed3788396d9aa6a0cf207c8451c1ef0b75fa043a4113670,9ff3684808b193dc6ed3788396d9aa6a0cf207c8451c1ef0b75fa043a4113670,existing_verified_raw_data
data/raw/gsvs17/170605Atah.lvl,1d6dc7c26b5253fc08f4e8605b73ac099836c72e3d90cd5bbc6ca1387c87a750,1d6dc7c26b5253fc08f4e8605b73ac099836c72e3d90cd5bbc6ca1387c87a750,existing_verified_raw_data
data/raw/gsvs17/170605Zseb.lvl,56c3d9b9dcb956b640edce4154bc41815a78593230385f82a774325f8280a333,56c3d9b9dcb956b640edce4154bc41815a78593230385f82a774325f8280a333,existing_verified_raw_data
data/raw/gsvs17/170606Ajdh.lvl,3f86efb3ab8f0e887c3473a52b1dfb6091d7fd3a43d6ac12ed35533f60479e03,3f86efb3ab8f0e887c3473a52b1dfb6091d7fd3a43d6ac12ed35533f60479e03,existing_verified_raw_data
data/raw/gsvs17/170606Bd_h.lvl,2839cf8bc2a754237061bb3a0c3da5594b98100b4bfe767af16f5a8dc6a476da,2839cf8bc2a754237061bb3a0c3da5594b98100b4bfe767af16f5a8dc6a476da,existing_verified_raw_data
data/raw/gsvs17/170606Zseb.lvl,0dc67ac44a6408898ca0d8c223dfbffac2656380dd21a19040dfe826ee739f4e,0dc67ac44a6408898ca0d8c223dfbffac2656380dd21a19040dfe826ee739f4e,existing_verified_raw_data
data/raw/gsvs17/170607Atah.lvl,6c00c9f45877662d95394627f31439c927c110218ac6bb139820bd574d3ac996,6c00c9f45877662d95394627f31439c927c110218ac6bb139820bd574d3ac996,existing_verified_raw_data
data/raw/gsvs17/170607Zseb.lvl,5166ef18a9c8cb3376e862040f7ad41f0934044520006b9d1e062f6ee5384bf9,5166ef18a9c8cb3376e862040f7ad41f0934044520006b9d1e062f6ee5384bf9,existing_verified_raw_data
data/raw/gsvs17/170608Ajdh.lvl,4ab194d8b9efea5119e27d2ab49272c65bcdf9b67287f2edfb90786eaa5b9ba0,4ab194d8b9efea5119e27d2ab49272c65bcdf9b67287f2edfb90786eaa5b9ba0,existing_verified_raw_data
data/raw/gsvs17/170608Zseb.lvl,11fbfbd97bca4c27ef18b66ee50c8751e75b93c2545c24caddf722911000ca04,11fbfbd97bca4c27ef18b66ee50c8751e75b93c2545c24caddf722911000ca04,existing_verified_raw_data
data/raw/gsvs17/170609Atah.lvl,014bc9d38826c49f02e2405eda747620fcc25a022fcb2d0546c4d007ea4d818c,014bc9d38826c49f02e2405eda747620fcc25a022fcb2d0546c4d007ea4d818c,existing_verified_raw_data
data/raw/gsvs17/170609Zseb.lvl,6d333fe1878117bdb154ca73b5033312f1d9bc6c638a028a2d26d003d4eb66df,6d333fe1878117bdb154ca73b5033312f1d9bc6c638a028a2d26d003d4eb66df,existing_verified_raw_data
data/raw/gsvs17/170610Ajdh.lvl,48f44f487ebd293c6a12f2715a299c927076a0e5a0d5c4dde5d2af6a0b86103f,48f44f487ebd293c6a12f2715a299c927076a0e5a0d5c4dde5d2af6a0b86103f,existing_verified_raw_data
data/raw/gsvs17/170610Zseb.lvl,bb426446a42110c7194db84293619a2fe3935d71cd629e527a985ac8426bfe9c,bb426446a42110c7194db84293619a2fe3935d71cd629e527a985ac8426bfe9c,existing_verified_raw_data
data/raw/gsvs17/170612Atah.lvl,60b943cd03c6e123880222f3bdb9a8e1cb6ae806fa296b99846fe82c8d515521,60b943cd03c6e123880222f3bdb9a8e1cb6ae806fa296b99846fe82c8d515521,existing_verified_raw_data
data/raw/gsvs17/170612Zsed.lvl,5a797f40b68ced814de5eb60cd84912e7bb8d12452f3ffb4186864f99c06901e,5a797f40b68ced814de5eb60cd84912e7bb8d12452f3ffb4186864f99c06901e,existing_verified_raw_data
data/raw/gsvs17/170613Ajdh.lvl,7802224c14f49e4f4da025c081124fd01816e13c99c4b93fdaeb97583b8096d9,7802224c14f49e4f4da025c081124fd01816e13c99c4b93fdaeb97583b8096d9,existing_verified_raw_data
data/raw/gsvs17/170613Zseb.lvl,2fd94ec7db6908a3c749f05aaad4b1d9a0ca4f78b0e65dbe4d0cf6615e9571ee,2fd94ec7db6908a3c749f05aaad4b1d9a0ca4f78b0e65dbe4d0cf6615e9571ee,existing_verified_raw_data
data/raw/gsvs17/170614Atah.lvl,2a875f29ef2ecdeb92c620f9039ee6ef347f87cd24a641032431d5a8b9a61bb9,2a875f29ef2ecdeb92c620f9039ee6ef347f87cd24a641032431d5a8b9a61bb9,existing_verified_raw_data
data/raw/gsvs17/170614Btah.lvl,c6076237595d1ac870aecae4d1c16e2bc1fee0b3adab87c7c2c6c8a48f2c6ef2,c6076237595d1ac870aecae4d1c16e2bc1fee0b3adab87c7c2c6c8a48f2c6ef2,existing_verified_raw_data
data/raw/gsvs17/170614Zseb.lvl,d02f7b59871172c49a01784809387a299a997ff47a8237b5ac69bb5175796262,d02f7b59871172c49a01784809387a299a997ff47a8237b5ac69bb5175796262,existing_verified_raw_data
data/raw/gsvs17/170615Ajdh.lvl,c54a1c057c74a60d4d3076ad0cf1968d0c911ada7ca5e6cbf5df4b3ca1c7bf4e,c54a1c057c74a60d4d3076ad0cf1968d0c911ada7ca5e6cbf5df4b3ca1c7bf4e,existing_verified_raw_data
data/raw/gsvs17/170615Zseb.lvl,92ecd8766dcc2c9d71acd8498caee6507ce34cd5fac1b0b2ef19c389a5babd1d,92ecd8766dcc2c9d71acd8498caee6507ce34cd5fac1b0b2ef19c389a5babd1d,existing_verified_raw_data
data/raw/gsvs17/170616Atah.lvl,c20d809bc14357f073eed9d481cb037ccaa05bac0c493729e657d99a457a2097,c20d809bc14357f073eed9d481cb037ccaa05bac0c493729e657d99a457a2097,existing_verified_raw_data
data/raw/gsvs17/170616Bd_h.lvl,4ca1fd2b8be985de23e313f7d1a7218282e714ae7c947e3aec3699d1b75b82ad,4ca1fd2b8be985de23e313f7d1a7218282e714ae7c947e3aec3699d1b75b82ad,existing_verified_raw_data
data/raw/gsvs17/170616Zseb.lvl,1b29ce0c01cbd50320c22b90ee3fd5ce263856afaeaec75822ea2487cd42c838,1b29ce0c01cbd50320c22b90ee3fd5ce263856afaeaec75822ea2487cd42c838,existing_verified_raw_data
data/raw/gsvs17/170617Ajdh.lvl,4c5f2f19d235a1e87641458a67d1e0edabd8618a8faa22c4b7442c8b9deceb74,4c5f2f19d235a1e87641458a67d1e0edabd8618a8faa22c4b7442c8b9deceb74,existing_verified_raw_data
data/raw/gsvs17/170617Zseb.lvl,c3aff15352d9b3675e172b8010cd1f11d055924ea1ced21c0aa512c3b211fbbf,c3aff15352d9b3675e172b8010cd1f11d055924ea1ced21c0aa512c3b211fbbf,existing_verified_raw_data
data/raw/gsvs17/170619Atah.lvl,fca0a1c19eaf4417d73f11006026d868de6930cd2c5c6e5cc40d040396477dfa,fca0a1c19eaf4417d73f11006026d868de6930cd2c5c6e5cc40d040396477dfa,existing_verified_raw_data
data/raw/gsvs17/170619Zseb.lvl,510f807ab71abe6c752a800068b3c914f87c7244a0aa5f7a3fb3a2953d394c66,510f807ab71abe6c752a800068b3c914f87c7244a0aa5f7a3fb3a2953d394c66,existing_verified_raw_data
data/raw/gsvs17/170620Ajdh.lvl,e7689e755d7d758cc7cfff956b43b175a59bb117c4b2002ae87df22c2136a2e9,e7689e755d7d758cc7cfff956b43b175a59bb117c4b2002ae87df22c2136a2e9,existing_verified_raw_data
data/raw/gsvs17/170620Zseb.lvl,ed27c15a53cbed02419331ce80af67261f1dfbba416ea68daa34ddcb6b045c56,ed27c15a53cbed02419331ce80af67261f1dfbba416ea68daa34ddcb6b045c56,existing_verified_raw_data
data/raw/gsvs17/170621Aseb.lvl,37b65b0dfe0939ce5747925ba36ebf8ff07c45334e2480cce9c1cce72e0ff270,37b65b0dfe0939ce5747925ba36ebf8ff07c45334e2480cce9c1cce72e0ff270,existing_verified_raw_data
data/raw/gsvs17/170621Zjdh.lvl,60b9fb78c025d79ad64d795fe532c2d038efde3a9dc33becc71f36e5c1f6f7c1,60b9fb78c025d79ad64d795fe532c2d038efde3a9dc33becc71f36e5c1f6f7c1,existing_verified_raw_data
data/raw/gsvs17/170622Aseb.lvl,42b44686213dfe07f95833eb26b9aa4c693f75bd943aef322062b42a86cc3e6d,42b44686213dfe07f95833eb26b9aa4c693f75bd943aef322062b42a86cc3e6d,existing_verified_raw_data
data/raw/gsvs17/170622Atah.lvl,e817a6997c08f650e83818c035e012d699267326e933cc56f44dd73d21dc88c6,e817a6997c08f650e83818c035e012d699267326e933cc56f44dd73d21dc88c6,existing_verified_raw_data
data/raw/gsvs17/170622Zjdh.lvl,a55dc411f979d7796ec45d48254a31d2224167b794d6a1caf41bc89048af1280,a55dc411f979d7796ec45d48254a31d2224167b794d6a1caf41bc89048af1280,existing_verified_raw_data
data/raw/gsvs17/170623Atah.lvl,b74b8dc8d2b88ccc2eb827adf7ccbcca9ca33ede760819172bffdc12518b0984,b74b8dc8d2b88ccc2eb827adf7ccbcca9ca33ede760819172bffdc12518b0984,existing_verified_raw_data
data/raw/gsvs17/170623Zseb.lvl,86a4fee800963f5d19360e9585900c1a036dbb6bdcdc618fc7ee4cfce51327b2,86a4fee800963f5d19360e9585900c1a036dbb6bdcdc618fc7ee4cfce51327b2,existing_verified_raw_data
data/raw/gsvs17/170624Ajdh.lvl,abb8f02c4af20b1c0a58ca0d91974db0c86bca8eac65ea4869460075c9944842,abb8f02c4af20b1c0a58ca0d91974db0c86bca8eac65ea4869460075c9944842,existing_verified_raw_data
data/raw/gsvs17/170624Zseb.lvl,bdbc5e81ad775eef68bd2eef63d02594a289405e0561e378f8b3b734120e727a,bdbc5e81ad775eef68bd2eef63d02594a289405e0561e378f8b3b734120e727a,existing_verified_raw_data
data/raw/gsvs17/170626Atah.lvl,bd7d74d6ba026e07ff5040f6a2a58563a9bd71c77952a4ec2a7b02973ce24e9b,bd7d74d6ba026e07ff5040f6a2a58563a9bd71c77952a4ec2a7b02973ce24e9b,existing_verified_raw_data
data/raw/gsvs17/170626Zseb.lvl,e80448b35db8217202b8bd77e9ee5719da63322b336a67c85df828d2ea63abaf,e80448b35db8217202b8bd77e9ee5719da63322b336a67c85df828d2ea63abaf,existing_verified_raw_data
data/raw/gsvs17/170627Ajdh.lvl,a29c2343c6d79e63a5be06dc3d2e36ff779c7d1d10d8d70049e2bc4be7c06f14,a29c2343c6d79e63a5be06dc3d2e36ff779c7d1d10d8d70049e2bc4be7c06f14,existing_verified_raw_data
data/raw/gsvs17/170627Zseb.lvl,ea26bb4a1ec36819c4f8428732f72a70debd242abc9a4aee0a355b3648e609fe,ea26bb4a1ec36819c4f8428732f72a70debd242abc9a4aee0a355b3648e609fe,existing_verified_raw_data
data/raw/gsvs17/170628Atah.lvl,1e04cae8d4bdec872f3f64dcf2f7410635c9b134d1411f2ec0a6e607acb93f99,1e04cae8d4bdec872f3f64dcf2f7410635c9b134d1411f2ec0a6e607acb93f99,existing_verified_raw_data
data/raw/gsvs17/170628Zseb.lvl,0d5b42bee0a958db18559dbc5f4f737fa57b294750d682324a3596c879666f08,0d5b42bee0a958db18559dbc5f4f737fa57b294750d682324a3596c879666f08,existing_verified_raw_data
data/raw/gsvs17/170629Ajdh.lvl,34752aaaf2da047f6f93bcc978acbaa525c8f2999f92dedc98c09c146ec6cbc0,34752aaaf2da047f6f93bcc978acbaa525c8f2999f92dedc98c09c146ec6cbc0,existing_verified_raw_data
data/raw/gsvs17/170629Zseb.lvl,315ee76b61094bebac83bedf190cb38d80ee2ebda610ff3427595b09d967f83f,315ee76b61094bebac83bedf190cb38d80ee2ebda610ff3427595b09d967f83f,existing_verified_raw_data
data/raw/gsvs17/170630Zseb.lvl,77e72367d26572b14fc90d6d9f06b66ef98719cd980cc64dcb6d48e8afcc1fb2,77e72367d26572b14fc90d6d9f06b66ef98719cd980cc64dcb6d48e8afcc1fb2,existing_verified_raw_data
data/raw/gsvs17/170703Zseb.lvl,ac6861be27cb8a92bdf68ebccdf891d6abd0c3c0d51b11516850228327b9b613,ac6861be27cb8a92bdf68ebccdf891d6abd0c3c0d51b11516850228327b9b613,existing_verified_raw_data
data/raw/gsvs17/170704Zseb.lvl,81a32772d5c504d0be9351e08b6b4b0cb7d436cca18ffc26004df7b9c546e247,81a32772d5c504d0be9351e08b6b4b0cb7d436cca18ffc26004df7b9c546e247,existing_verified_raw_data
data/raw/gsvs17/170705Zseb.lvl,351304ff9583a9e58ef60bb71c5e097a70db497d235e8621540b04b29ab8efc1,351304ff9583a9e58ef60bb71c5e097a70db497d235e8621540b04b29ab8efc1,existing_verified_raw_data
data/raw/gsvs17/170706Zseb.lvl,83db164a098e81735fe7ff7841dd128fa053ffbb1c5a2cbb40f56de65b501625,83db164a098e81735fe7ff7841dd128fa053ffbb1c5a2cbb40f56de65b501625,existing_verified_raw_data
data/raw/gsvs17/170707Zseb.lvl,1b1952458e89cb77a9958b78a26fbc91f7280765ddfcb8510483e52fe9d7a014,1b1952458e89cb77a9958b78a26fbc91f7280765ddfcb8510483e52fe9d7a014,existing_verified_raw_data
data/raw/gsvs17/170708Ajdh.lvl,f38c64803d48384704e4b4caf5737d9fe166230aad5c1298eb40f3d4bcfece71,f38c64803d48384704e4b4caf5737d9fe166230aad5c1298eb40f3d4bcfece71,existing_verified_raw_data
data/raw/gsvs17/170708Zseb.lvl,18ad3bd895651b0b285aba0ff3c1aa0e5708a6a09e527b1f4f8315d5a88e7f58,18ad3bd895651b0b285aba0ff3c1aa0e5708a6a09e527b1f4f8315d5a88e7f58,existing_verified_raw_data
data/raw/gsvs17/170710Ajdh.lvl,9f28eccd318881ebd8b94999b14e544c3a6791eda2bdc0a8ae23d593e10a4324,9f28eccd318881ebd8b94999b14e544c3a6791eda2bdc0a8ae23d593e10a4324,existing_verified_raw_data
data/raw/gsvs17/170710Zseb.lvl,79e5773ad38a1fb5dc21d729235e99904892b7a8c6200e6b0662cdb7b21b9547,79e5773ad38a1fb5dc21d729235e99904892b7a8c6200e6b0662cdb7b21b9547,existing_verified_raw_data
data/raw/gsvs17/170711Ajdh.lvl,aa5de2774cb61a1488b9ca5429fd1418b04bf330da9938676949b50a4e0505ba,aa5de2774cb61a1488b9ca5429fd1418b04bf330da9938676949b50a4e0505ba,existing_verified_raw_data
data/raw/gsvs17/170711Zseb.lvl,ab39f164d11b6aec7668c8879cfc5694a054caa25932f23cfa9221202d40e9cc,ab39f164d11b6aec7668c8879cfc5694a054caa25932f23cfa9221202d40e9cc,existing_verified_raw_data
data/raw/gsvs17/170712Ajdh.lvl,55fb1c4dab0a3fdcda643b97cd7fc939d3565526fcff3af766b17df73578577f,55fb1c4dab0a3fdcda643b97cd7fc939d3565526fcff3af766b17df73578577f,existing_verified_raw_data
data/raw/gsvs17/170712Zseb.lvl,6e3b9ad0eecc1321121ace01579910ea3dcb8e18f1b29eddbe9be1850d06d4ec,6e3b9ad0eecc1321121ace01579910ea3dcb8e18f1b29eddbe9be1850d06d4ec,existing_verified_raw_data
data/raw/gsvs17/170713Ajdh.lvl,2e5befa78c07d85d87a63230026e4a5c3ef046c7165ccaecc20da295e239fe22,2e5befa78c07d85d87a63230026e4a5c3ef046c7165ccaecc20da295e239fe22,existing_verified_raw_data
data/raw/gsvs17/170713Zseb.lvl,204dad496184e06f230a87fe31619c358d8a02b4c039bc63b1f6e7f430fe5a53,204dad496184e06f230a87fe31619c358d8a02b4c039bc63b1f6e7f430fe5a53,existing_verified_raw_data
data/raw/gsvs17/170714Ajdh.lvl,d6760eb4041249ee0cb7413bb1e3d354a3b4aa78f3e197e5c1a4312b80534cb4,d6760eb4041249ee0cb7413bb1e3d354a3b4aa78f3e197e5c1a4312b80534cb4,existing_verified_raw_data
data/raw/gsvs17/170714Zseb.lvl,b848f65c2870f97fc8146810bb24294b51fd4d17f032181deb25fe3023fe9adf,b848f65c2870f97fc8146810bb24294b51fd4d17f032181deb25fe3023fe9adf,existing_verified_raw_data
data/raw/gsvs17/170715Ajdh.lvl,affda1fcec107e30e6106a6b02c3a4ad4b65897341818c761b3d372278e010ae,affda1fcec107e30e6106a6b02c3a4ad4b65897341818c761b3d372278e010ae,existing_verified_raw_data
data/raw/gsvs17/170715Zseb.lvl,93fca27834d3ea080dcc917be9f80160efdd6b9f7d48e29f481bf2cafa6d804f,93fca27834d3ea080dcc917be9f80160efdd6b9f7d48e29f481bf2cafa6d804f,existing_verified_raw_data
data/raw/gsvs17/170717Ajdh.lvl,e274465c8aafcb44bb7b7cdb9f9d8718ed7859233e563634cf6eba1703b279ec,e274465c8aafcb44bb7b7cdb9f9d8718ed7859233e563634cf6eba1703b279ec,existing_verified_raw_data
data/raw/gsvs17/170717Zseb.lvl,37dcf8bd8ec2f0871606875333082a33a20055be7b055d13e0101ab8bfbb14cd,37dcf8bd8ec2f0871606875333082a33a20055be7b055d13e0101ab8bfbb14cd,existing_verified_raw_data
data/raw/gsvs17/170718Ajdh.lvl,138594cd2e6045115436b40cbade50d05e4d29004d049f3d0a0fa0abb215b6da,138594cd2e6045115436b40cbade50d05e4d29004d049f3d0a0fa0abb215b6da,existing_verified_raw_data
data/raw/gsvs17/170718Zseb.lvl,37f3fc2c298141c302361cee3bc7b7f63082b47b4bbd352c02b0614b1a6e2991,37f3fc2c298141c302361cee3bc7b7f63082b47b4bbd352c02b0614b1a6e2991,existing_verified_raw_data
data/raw/gsvs17/170719Ajdh.lvl,23595e20dcff993612918e964e6aa788706040389bd5ca81f2858c722f379a79,23595e20dcff993612918e964e6aa788706040389bd5ca81f2858c722f379a79,existing_verified_raw_data
data/raw/gsvs17/170719Zseb.lvl,532b26837a7eec02cd8d44743532db69927a0b7ed44cd3ae03af460869b6c686,532b26837a7eec02cd8d44743532db69927a0b7ed44cd3ae03af460869b6c686,existing_verified_raw_data
data/raw/gsvs17/170720Ajdh.lvl,8a12133ea36af3802c38f96018988c6ae6c5efb1ea35729bd53396fddace77b5,8a12133ea36af3802c38f96018988c6ae6c5efb1ea35729bd53396fddace77b5,existing_verified_raw_data
data/raw/gsvs17/170720Zseb.lvl,ee56b6e64b75866512b557f02995900060e0641cb3386f2844ed55736742437b,ee56b6e64b75866512b557f02995900060e0641cb3386f2844ed55736742437b,existing_verified_raw_data
data/raw/gsvs17/170721Ajdh.lvl,c116425b0521a19c64466bd21d487b485c71c6766606795f33cfd0ead51bb141,c116425b0521a19c64466bd21d487b485c71c6766606795f33cfd0ead51bb141,existing_verified_raw_data
data/raw/gsvs17/170721Zseb.lvl,5bfaa940ce89cd1599385df1a6db3215a06b751b23108e6527a1445fb410f24c,5bfaa940ce89cd1599385df1a6db3215a06b751b23108e6527a1445fb410f24c,existing_verified_raw_data
data/raw/gsvs17/170722Ajdh.lvl,406256b946c957f952385b4f49e2dee674da005e86d5a9c2d3a0fcd7fb10e4f1,406256b946c957f952385b4f49e2dee674da005e86d5a9c2d3a0fcd7fb10e4f1,existing_verified_raw_data
data/raw/gsvs17/170722Zseb.lvl,31fc4a320e1ba18cc4d7c8b2207042fa56efb8409f1432719821f350ac25dbd0,31fc4a320e1ba18cc4d7c8b2207042fa56efb8409f1432719821f350ac25dbd0,existing_verified_raw_data
data/raw/gsvs17/170724Ajdh.lvl,b618bdde56bdaef92b862176c3c6d0ce0d7c0f8c4cc9f7370ed12794513cca7f,b618bdde56bdaef92b862176c3c6d0ce0d7c0f8c4cc9f7370ed12794513cca7f,existing_verified_raw_data
data/raw/gsvs17/170724Zseb.lvl,8fa71f75d31e1f7270de38487158727d25c606c5ffa32451ec839f2beaa3889e,8fa71f75d31e1f7270de38487158727d25c606c5ffa32451ec839f2beaa3889e,existing_verified_raw_data
data/raw/gsvs17/170725Ajdh.lvl,2e15ade34cd0287157f340f970a773f86fa3a806b93aeb5853293f55397b5dd5,2e15ade34cd0287157f340f970a773f86fa3a806b93aeb5853293f55397b5dd5,existing_verified_raw_data
data/raw/gsvs17/170725Zseb.lvl,66703284e0c6abc9bc312deae5700dc989e2f1d5e14e0658a6f70a57db0ed834,66703284e0c6abc9bc312deae5700dc989e2f1d5e14e0658a6f70a57db0ed834,existing_verified_raw_data
data/raw/gsvs17/170726Ajdh.lvl,3cf375e9cc26b1327b2b17a928e13855568e50caae1b05862d5c8d4da1122e0b,3cf375e9cc26b1327b2b17a928e13855568e50caae1b05862d5c8d4da1122e0b,existing_verified_raw_data
data/raw/gsvs17/170726Zseb.lvl,fa7cfe55edcdbbeb6fa650a727313a38155e088cf7f9ace9a0732bb53f9af505,fa7cfe55edcdbbeb6fa650a727313a38155e088cf7f9ace9a0732bb53f9af505,existing_verified_raw_data
data/raw/gsvs17/170727Ajdh.lvl,4a743ffdc4c872ef45f759ba955cbf460d7c2044a0b9d6c14ab6e2351ce0c7d2,4a743ffdc4c872ef45f759ba955cbf460d7c2044a0b9d6c14ab6e2351ce0c7d2,existing_verified_raw_data
data/raw/gsvs17/170727Zseb.lvl,ba279f011379e3719681e1e32669f109a1f7c432357c779f00fcf18f06c91482,ba279f011379e3719681e1e32669f109a1f7c432357c779f00fcf18f06c91482,existing_verified_raw_data
data/raw/gsvs17/170728Ajdh.lvl,11d65ba68ec22a5a8bcb19a824a9fff936d905ecb751f21e4bebe3ad4ce7c7ce,11d65ba68ec22a5a8bcb19a824a9fff936d905ecb751f21e4bebe3ad4ce7c7ce,existing_verified_raw_data
data/raw/gsvs17/170728Zseb.lvl,d01c34a49e089c27fdf17ac6f2c02ba493233896d7fbe8f455b45fa62ce3d35b,d01c34a49e089c27fdf17ac6f2c02ba493233896d7fbe8f455b45fa62ce3d35b,existing_verified_raw_data
data/raw/gsvs17/170729Ajdh.lvl,9cb3be2b69ac95f18e20d6a484bc67cb9b2990c83f926f5f1012ae4aa13c73b1,9cb3be2b69ac95f18e20d6a484bc67cb9b2990c83f926f5f1012ae4aa13c73b1,existing_verified_raw_data
data/raw/gsvs17/170729Zseb.lvl,29cf8cd2227f1c6bcd7b450ec7ad3d910336a35487facc776883d6de82e06ddc,29cf8cd2227f1c6bcd7b450ec7ad3d910336a35487facc776883d6de82e06ddc,existing_verified_raw_data
data/raw/gsvs17/170731Zseb.lvl,79fd0feb782f72e848aadf8cb87575d476a5d5b23201b55681fe4dd594e6ade9,79fd0feb782f72e848aadf8cb87575d476a5d5b23201b55681fe4dd594e6ade9,existing_verified_raw_data
data/raw/gsvs17/170801Aceg.lvl,e67d0de70b2c8f7a4de885f22d170912a7fd4a3172ff1dbbec0500430311cac4,e67d0de70b2c8f7a4de885f22d170912a7fd4a3172ff1dbbec0500430311cac4,existing_verified_raw_data
data/raw/gsvs17/170801Zseb.lvl,5d8ae43185ac62c42a65bdafeb19f91fd39a9b2b9e81c96cbf95c7e11a216372,5d8ae43185ac62c42a65bdafeb19f91fd39a9b2b9e81c96cbf95c7e11a216372,existing_verified_raw_data
data/raw/gsvs17/170802Aceg.lvl,055bbf4521866380649f94be70b585bfb077709d3f482e5eb203be979674c9dd,055bbf4521866380649f94be70b585bfb077709d3f482e5eb203be979674c9dd,existing_verified_raw_data
data/raw/gsvs17/170802Zseb.lvl,c66be06bfb414d77a76c44c647fb257f953f8acb74671887fa924fb7ab22c3b5,c66be06bfb414d77a76c44c647fb257f953f8acb74671887fa924fb7ab22c3b5,existing_verified_raw_data
data/raw/gsvs17/170803Aceg.lvl,ceef1b78c262ac7b77a9b30e80115fda1a36bd1060e298622363397f09ac5372,ceef1b78c262ac7b77a9b30e80115fda1a36bd1060e298622363397f09ac5372,existing_verified_raw_data
data/raw/gsvs17/170803Zseb.lvl,b622efad4746824ad013874086d6c78a412efd4c7e076bf3c6b298a2e203987e,b622efad4746824ad013874086d6c78a412efd4c7e076bf3c6b298a2e203987e,existing_verified_raw_data
data/raw/gsvs17/170804Aceg.lvl,7a35d79e30d46f57e5e0cff84c94e6808632d2f9237fc9723ecf82093fe5fb10,7a35d79e30d46f57e5e0cff84c94e6808632d2f9237fc9723ecf82093fe5fb10,existing_verified_raw_data
data/raw/gsvs17/170804Zseb.lvl,3688baf4de80629f6faa8ff1c21973728235b1bb248e3dabb7c29e36d3bb9d74,3688baf4de80629f6faa8ff1c21973728235b1bb248e3dabb7c29e36d3bb9d74,existing_verified_raw_data
data/raw/gsvs17/170805Aceg.lvl,17eefc59ef51069554a1df326402fcbd5a0a96f7b3bc52b9fc780b9d9d5d7360,17eefc59ef51069554a1df326402fcbd5a0a96f7b3bc52b9fc780b9d9d5d7360,existing_verified_raw_data
data/raw/gsvs17/170805Zseb.lvl,f453964737c7944ac4d178cdf5a89eee995883ec223152e64822df124fb2d61f,f453964737c7944ac4d178cdf5a89eee995883ec223152e64822df124fb2d61f,existing_verified_raw_data
data/raw/gsvs17/170807Aceg.lvl,4cc2e4a0500204a127d90611e08a7b21c1bce36b9a8976c7f78db41d3bf89a3f,4cc2e4a0500204a127d90611e08a7b21c1bce36b9a8976c7f78db41d3bf89a3f,existing_verified_raw_data
data/raw/gsvs17/170807Zseb.lvl,dc2db6f244dca2009d91461b992092c4c9ba00862bf4b6d9ec63c9be5d6594aa,dc2db6f244dca2009d91461b992092c4c9ba00862bf4b6d9ec63c9be5d6594aa,existing_verified_raw_data
data/raw/gsvs17/170808Aceg.lvl,0e09aa678994fd75ace070e5ae196135734cf80c9c6aae55ff05166cd3761b6a,0e09aa678994fd75ace070e5ae196135734cf80c9c6aae55ff05166cd3761b6a,existing_verified_raw_data
data/raw/gsvs17/170808Zseb.lvl,4f08fc0b6c44852eb684b28b9410503d75b741984f8a5dae11daa57f74efb7fe,4f08fc0b6c44852eb684b28b9410503d75b741984f8a5dae11daa57f74efb7fe,existing_verified_raw_data
data/raw/gsvs17/170809Aceg.lvl,68281d8288083048685c30eb0820be9a9de5f83b58b044d27e242b7ca26bbcaa,68281d8288083048685c30eb0820be9a9de5f83b58b044d27e242b7ca26bbcaa,existing_verified_raw_data
data/raw/gsvs17/170809Zseb.lvl,e286a8b17064fe0af8f687119412f3d3786e3b8c3b416a49127697869156b5c0,e286a8b17064fe0af8f687119412f3d3786e3b8c3b416a49127697869156b5c0,existing_verified_raw_data
data/raw/gsvs17/170810Aceg.lvl,c251c0a470db8da88858ea62dd94839465f9d9e861ce7620df590524e7dace1c,c251c0a470db8da88858ea62dd94839465f9d9e861ce7620df590524e7dace1c,existing_verified_raw_data
data/raw/gsvs17/170810Zseb.lvl,d336ccc5a757b9a62658a564e4d48be514b6b2443af5a2bbaabef37d795d516e,d336ccc5a757b9a62658a564e4d48be514b6b2443af5a2bbaabef37d795d516e,existing_verified_raw_data
data/raw/gsvs17/170811Aceg.lvl,07675af0c8bc617c78efcf5a1cde1cd021176794434e126693cd14b3e7068867,07675af0c8bc617c78efcf5a1cde1cd021176794434e126693cd14b3e7068867,existing_verified_raw_data
data/raw/gsvs17/170811Zseb.lvl,a764c16e12e552ec651feddd6249fca37b202a900919052eeb911376ae0dd80b,a764c16e12e552ec651feddd6249fca37b202a900919052eeb911376ae0dd80b,existing_verified_raw_data
data/raw/gsvs17/170812Aceg.lvl,92e48cae1651f0d1eaf6871acbe46c78f30d199fbfb060040c686bdc0ea93939,92e48cae1651f0d1eaf6871acbe46c78f30d199fbfb060040c686bdc0ea93939,existing_verified_raw_data
data/raw/gsvs17/170812Zseb.lvl,2c89a537e3418c2b9ede0a7e701657ee2cdea002a232b7856375c65071dc020e,2c89a537e3418c2b9ede0a7e701657ee2cdea002a232b7856375c65071dc020e,existing_verified_raw_data
modules/public_validation/data/example/offline_fixture_observations.csv,3c42339815fe5549f2e817d756868d86bdde0b3dfb3a8ce40ce9060f8a5f903f,3c42339815fe5549f2e817d756868d86bdde0b3dfb3a8ce40ce9060f8a5f903f,unchanged
modules/public_validation/data/config/ngs_projects.csv,561b59f0731350b4009795fab1d37d463bac9259b38d642dd748ff6135142075,561b59f0731350b4009795fab1d37d463bac9259b38d642dd748ff6135142075,unchanged
